Title,Views,Date_Time,Link,LengthOfVideo
All Your Queries Answered | DSA to Development Program | GeeksforGeeks,685,1 day ago,https://www.youtube.com/watch?v=PLdt7UobcoY,3:47
10 TIPS and TRICKS to Crack Internships and Placements | GeeksforGeeks,682,6 days ago,https://www.youtube.com/watch?v=PLdt7UobcoY,9:53
Complete School Guide for CBSE | Free Resources For School Students | GeeksforGeeks,511,7 days ago,https://www.youtube.com/watch?v=PLdt7UobcoY,0:56
Master System Design | GeeksforGeeks,7.2K,11 days ago,https://www.youtube.com/watch?v=PLdt7UobcoY,0:46
"Unraveling the Geek-a-thon: The What, How, and Why | Geek-A-Thon | GeeksforGeeks",440,11 days ago,https://www.youtube.com/watch?v=PLdt7UobcoY,45:44
Data Analysis Masterclass | Geek-A-Thon | GeeksforGeeks,596,12 days ago,https://www.youtube.com/watch?v=PLdt7UobcoY,1:29:21
GeeksforGeeks Offline Classroom Program | Now Open In Noida & Gurgaon,9K,13 days ago,https://www.youtube.com/watch?v=PLdt7UobcoY,0:28
Kickstart your DevOps Career | GeeksforGeeks,14K,2 weeks ago,https://www.youtube.com/watch?v=PLdt7UobcoY,0:30
First Ever KBC at our Offline Classes | GeeksforGeeks,601,2 weeks ago,https://www.youtube.com/watch?v=PLdt7UobcoY,0:37
Mega Job-a-thon for Working Professionals | 21st July | GeeksforGeeks,1K,3 weeks ago,https://www.youtube.com/watch?v=PLdt7UobcoY,0:36
Explore GeeksforGeeks Hiring Solutions | For Top Tech Companies | Innovative Hiring Solutions,600,1 month ago,https://www.youtube.com/watch?v=PLdt7UobcoY,2:51
Geek-O-Lympics 2023 | GeeksforGeeks,3.3K,1 month ago,https://www.youtube.com/watch?v=PLdt7UobcoY,0:46
Web 3.0 Explained | GeeksforGeeks,1.5K,1 month ago,https://www.youtube.com/watch?v=PLdt7UobcoY,17:08
Geek-O-Lympics 2023 | 1st - 31st July | GeeksforGeeks,1.1K,1 month ago,https://www.youtube.com/watch?v=PLdt7UobcoY,0:10
What Is Web Scraping & What It Is Used For | How To Use Web Scraping | GeeksforGeeks,1K,1 month ago,https://www.youtube.com/watch?v=PLdt7UobcoY,2:47
Mega Job-A-Thon | Hire Top Talent for Your Company | GeeksforGeeks,1.1K,1 month ago,https://www.youtube.com/watch?v=PLdt7UobcoY,0:56
DSA To Development: A Complete Coding Guide | Complete Coding Program By GeeksforGeeks,50K,1 month ago,https://www.youtube.com/watch?v=PLdt7UobcoY,0:43
What is Queue (Updated) | Queues Explained | GeeksforGeeks,968,1 month ago,https://www.youtube.com/watch?v=PLdt7UobcoY,8:50
Queue Practice Questions (Updated) | DSA Concepts | GeeksforGeeks,1K,1 month ago,https://www.youtube.com/watch?v=PLdt7UobcoY,12:14
Free Summer Offline Classes on Python Programing | For Students Aged 14-21 | GeeksforGeeks,106K,1 month ago,https://www.youtube.com/watch?v=PLdt7UobcoY,0:37
Python Libraries | Data Science | GeeksforGeeks,1.3K,2 months ago,https://www.youtube.com/watch?v=PLdt7UobcoY,1:26
ITR Filing Made Simple | Documents require to file ITR | GeeksforGeeks,939,2 months ago,https://www.youtube.com/watch?v=PLdt7UobcoY,5:40
Full Stack Development | LIVE Classes | GeeksforGeeks,92K,2 months ago,https://www.youtube.com/watch?v=PLdt7UobcoY,0:35
GeeksforGeeks Classroom Program in NCR,2.4K,2 months ago,https://www.youtube.com/watch?v=PLdt7UobcoY,0:37
What is Arrays | Arrays Explained | New Video - GeeksforGeeks,2.5K,2 months ago,https://www.youtube.com/watch?v=PLdt7UobcoY,9:48
Arrays Practice Questions (Updated) | In C++/JAVA/Python | GeeksforGeeks,2.7K,2 months ago,https://www.youtube.com/watch?v=PLdt7UobcoY,10:48
Gate 2024: Prepare for Success! | GATE CSE 2024 | GeeksforGeeks,28K,2 months ago,https://www.youtube.com/watch?v=PLdt7UobcoY,0:52
Get Started with CP | Competitive Programming Tips | GeeksforGeeks,2.3K,2 months ago,https://www.youtube.com/watch?v=PLdt7UobcoY,1:39
React VS Angular VS Vue | GeeksforGeeks,3K,2 months ago,https://www.youtube.com/watch?v=PLdt7UobcoY,1:35
GeeksforGeeks Classroom Program | Now in Noida and Gurugram!,112K,2 months ago,https://www.youtube.com/watch?v=PLdt7UobcoY,0:38
Transformers in NLP | GeeksforGeeks,2.2K,3 months ago,https://www.youtube.com/watch?v=PLdt7UobcoY,28:45
Jobs that AI can't replace | GeeksforGeeks,3.1K,3 months ago,https://www.youtube.com/watch?v=PLdt7UobcoY,3:17
Job Fair for Students | Till 25th May Only | GeeksforGeeks,82K,3 months ago,https://www.youtube.com/watch?v=PLdt7UobcoY,0:39
"Flutter: ""Pros and Cons"" | GeeksforGeeks",2.6K,3 months ago,https://www.youtube.com/watch?v=PLdt7UobcoY,8:44
Hire Best Talent with GeeksforGeeks,14K,3 months ago,https://www.youtube.com/watch?v=PLdt7UobcoY,0:54
Tech Jobs without Degree | GeeksforGeeks,1.3K,3 months ago,https://www.youtube.com/watch?v=PLdt7UobcoY,2:03
Start your writing Journey | Geek Author Badges | GeeksforGeeks,1.2K,3 months ago,https://www.youtube.com/watch?v=PLdt7UobcoY,1:12
Presenting: GeeksforGeeks Author Badges | Honoring the Writer in You!,1.1K,3 months ago,https://www.youtube.com/watch?v=PLdt7UobcoY,0:56
Create Your Own Apps Today | GeeksforGeeks,34K,3 months ago,https://www.youtube.com/watch?v=PLdt7UobcoY,0:38
Top 10 DSA Topics | Master these To Ace In Your Career | GeeksforGeeks,2.4K,4 months ago,https://www.youtube.com/watch?v=PLdt7UobcoY,5:38
Ernie vs ChatGPT | GeeksforGeeks,1K,4 months ago,https://www.youtube.com/watch?v=PLdt7UobcoY,1:32
Rule the Coding World with Geek Summer Carnival | GeeksforGeeks,25K,4 months ago,https://www.youtube.com/watch?v=PLdt7UobcoY,0:42
How to become a Full Stack Developer | GeeksforGeeks,4.7K,4 months ago,https://www.youtube.com/watch?v=PLdt7UobcoY,11:57
Office Video Leaked ðŸ˜°ðŸ¤¯,5.2K,4 months ago,https://www.youtube.com/watch?v=PLdt7UobcoY,1:35
UI/UX Trends every Startup must know! | @thegeekmonk1707 |GeeksforGeeks,1K,4 months ago,https://www.youtube.com/watch?v=PLdt7UobcoY,2:03
Age is Just a Number: The Story of a 14-Year-Old CEO | CodeCast | GeeksforGeeks,14K,4 months ago,https://www.youtube.com/watch?v=PLdt7UobcoY,16:45
How to Use GPT 4 | How it's better from GPT 3 | GeeksforGeeks,3.9K,4 months ago,https://www.youtube.com/watch?v=PLdt7UobcoY,3:42
Master DSA Today and be the Masters of Tomorrow,74K,4 months ago,https://www.youtube.com/watch?v=PLdt7UobcoY,0:25
How to avoid getting Laid Off | ft. Dr. Sneha Sharma,1.1K,4 months ago,https://www.youtube.com/watch?v=PLdt7UobcoY,31:37
Psychology of Deciding Your Career ft. Dhairya Gangwani | GeeksforGeeks,847,4 months ago,https://www.youtube.com/watch?v=PLdt7UobcoY,19:28
CodeCast Ep. 3 | Learn all About Competitive Programming | @PriyanshAgarwal  with Mr. Sandeep Jain,5.8K,4 months ago,https://www.youtube.com/watch?v=PLdt7UobcoY,31:56
Advice for Women in Tech | ft. @PriyaVajpeyi,1.5K,5 months ago,https://www.youtube.com/watch?v=PLdt7UobcoY,11:55
Roadmap to Amazon | Twinkle Bajaj - SDE at Amazon,1.7K,5 months ago,https://www.youtube.com/watch?v=PLdt7UobcoY,18:30
Google Cloud X AMD and GeeksforGeeks Goes to Colleges With Some Fun Twist!,1.4K,5 months ago,https://www.youtube.com/watch?v=PLdt7UobcoY,1:05
Solving For India Hackathon | @googlecloud X AMD | GeeksforGeeks,2.4K,5 months ago,https://www.youtube.com/watch?v=PLdt7UobcoY,0:47
GeeksforGeeks Job Fair 2023,25K,5 months ago,https://www.youtube.com/watch?v=PLdt7UobcoY,0:31
OpenAI's ChatGPT & GPT 4 | Google's BARD AI | Will AI Replace You?,1.9K,5 months ago,https://www.youtube.com/watch?v=PLdt7UobcoY,35:45
Get Started With Machine Learning | GeeksforGeeks,1.6K,5 months ago,https://www.youtube.com/watch?v=PLdt7UobcoY,15:30
ðŸŽŠCelebrating Bi-Wizard's First AnniversaryðŸŽŠ | Join the Best Young Coders in the World,613,5 months ago,https://www.youtube.com/watch?v=PLdt7UobcoY,0:31
"Meet Shikar Goel, CTO of GeeksforGeeks | Know His Journey",1.6K,5 months ago,https://www.youtube.com/watch?v=PLdt7UobcoY,37:22
An Opportunity for Recruiters to Hire Top Tech Talent | Jobs Fair 2023 | GeeksforGeeks,1.7K,5 months ago,https://www.youtube.com/watch?v=PLdt7UobcoY,0:26
A.I. Apps That Can Change Your Lives | GeeksforGeeks,2.8K,5 months ago,https://www.youtube.com/watch?v=PLdt7UobcoY,3:30
Roadmap To Master Recursion? Roadmap To Master Recursion! | GeeksforGeeks,2.4K,5 months ago,https://www.youtube.com/watch?v=PLdt7UobcoY,1:52
CodeCast Ep. 2 | SDE Without A Technical Degree? | GeeksforGeeks,1.9K,5 months ago,https://www.youtube.com/watch?v=PLdt7UobcoY,6:55
The Art of Becoming a Successful Coder | GeeksforGeeks,6.7K,6 months ago,https://www.youtube.com/watch?v=PLdt7UobcoY,15:06
Optimal Way to Get Started with DSA | GeeksforGeeks,7.1K,6 months ago,https://www.youtube.com/watch?v=PLdt7UobcoY,2:41
Mistakes to Avoid in Your Next Job Interview | GeeksforGeeks,1.5K,6 months ago,https://www.youtube.com/watch?v=PLdt7UobcoY,1:02
Master These Coding Practices For Your Placement Preparation | GeeksforGeeks,5.4K,6 months ago,https://www.youtube.com/watch?v=PLdt7UobcoY,3:58
Correct Your Mistakes in 1 minute | Data Science | GeeksforGeeks,1.2K,6 months ago,https://www.youtube.com/watch?v=PLdt7UobcoY,0:46
CodeCast Ep. 1 | Journey From A Vegetable Seller To A 10LPA+ Job | GeeksforGeeks,2.4K,6 months ago,https://www.youtube.com/watch?v=PLdt7UobcoY,7:19
LIVE DSA Sessions By Everyone's Favorite Teacher!,4.7K,7 months ago,https://www.youtube.com/watch?v=PLdt7UobcoY,0:32
GeeksforGeeks Resolution Days 2023 | Never Before Seen Offers!,7K,7 months ago,https://www.youtube.com/watch?v=PLdt7UobcoY,0:26
The Top 5 DSA Fails (and How to Avoid Them!),3.3K,7 months ago,https://www.youtube.com/watch?v=PLdt7UobcoY,5:40
GeeksforGeeks Now On iOS,1.5K,7 months ago,https://www.youtube.com/watch?v=PLdt7UobcoY,0:21
"â›„ Merry Christmas, Geeks! â›„ | Keep Coding Keep Learning | GeeksforGeeks",1.4K,7 months ago,https://www.youtube.com/watch?v=PLdt7UobcoY,0:15
Student Success Story: Placed as an SDE at Byju's with Help from GeeksforGeeks,1.6K,8 months ago,https://www.youtube.com/watch?v=PLdt7UobcoY,0:49
Service Based Test Series By GeeksforGeeks,1K,8 months ago,https://www.youtube.com/watch?v=PLdt7UobcoY,1:05
India's Biggest Technical Content Writing Event is now LIVE ðŸ”´ Participate Now | GeeksforGeeks,801,8 months ago,https://www.youtube.com/watch?v=PLdt7UobcoY,0:41
Landing SDE Role at Paytm | GeeksforGeeks,1.5K,8 months ago,https://www.youtube.com/watch?v=PLdt7UobcoY,2:50
SDE at Paytm using GFG | GeeksforGeeks,1.3K,8 months ago,https://www.youtube.com/watch?v=PLdt7UobcoY,0:44
Roadmap to a Career at Amazon | Preparation Strategies by Senior QAE | GeeksforGeeks,5.3K,9 months ago,https://www.youtube.com/watch?v=PLdt7UobcoY,27:52
Happy Diwali | GeeksforGeeks presents office Diwali Party,1.3K,9 months ago,https://www.youtube.com/watch?v=PLdt7UobcoY,0:59
Data Analysis Complete Roadmap | GeeksforGeeks,3.2K,9 months ago,https://www.youtube.com/watch?v=PLdt7UobcoY,6:01
Roadmap to a Career at Microsoft | Preparation Strategies by Microsoft SDE | GeeksforGeeks,5.1K,9 months ago,https://www.youtube.com/watch?v=PLdt7UobcoY,32:16
Geek Week 2022 |11th - 17th October | GeeksforGeeks,3.4K,9 months ago,https://www.youtube.com/watch?v=PLdt7UobcoY,0:59
Happy Dussehra ðŸ”¥,1.6K,10 months ago,https://www.youtube.com/watch?v=PLdt7UobcoY,0:12
Stay Tuned for a Big Surprise!!! | GeeksforGeeks,3.1K,10 months ago,https://www.youtube.com/watch?v=PLdt7UobcoY,0:18
GeeksforGeeks Goes to Delhi Technological University | GfG X DTU,1.7K,10 months ago,https://www.youtube.com/watch?v=PLdt7UobcoY,1:24
Roadmap to a CAREER AT WALMART | Preparation Strategies by Walmart SDE | GeeksforGeeks,5.1K,10 months ago,https://www.youtube.com/watch?v=PLdt7UobcoY,30:45
Roadmap to Web Development | Everything About Web Development Ft. Prakash Sakari,2.6K,10 months ago,https://www.youtube.com/watch?v=PLdt7UobcoY,6:02
